,total_events,mean_tone,total_mentions,PC1_Direction
2013-04-01,27758.0,72.26014122054903,7920.2,1.0
2013-04-02,35363.0,71.07193959788479,14767.5,-1.0
2013-04-03,41602.0,71.27491466756406,17777.9,1.0
2013-04-04,39650.0,71.12867591424968,16803.7,-1.0
2013-04-05,37680.0,70.37386203784803,17980.399999999998,1.0
2013-04-08,38770.0,68.03946350270827,23570.5,1.0
2013-04-09,41762.0,68.8156458024041,18288.1,1.0
2013-04-10,42592.0,67.89021412471826,26201.4,1.0
2013-04-11,41340.0,68.65827285921625,21715.7,-1.0
2013-04-12,36302.0,69.75902154151287,15918.0,-1.0
2013-04-15,36456.0,69.7151086240948,18184.1,1.0
2013-04-16,31857.0,69.85946573751451,12550.9,-1.0
2013-04-17,34975.0,68.56394567548249,19316.1,-1.0
2013-04-18,35320.0,68.51769535673839,20779.8,1.0
2013-04-19,29175.0,69.0950471293916,17248.5,1.0
2013-04-22,35132.0,68.17704656723215,22883.6,1.0
2013-04-23,40066.0,70.9574452153946,17322.1,1.0
2013-04-24,35465.0,68.37806287889468,17833.4,1.0
2013-04-25,40460.0,69.72770637666831,19096.1,-1.0
2013-04-26,34853.0,69.93710727914383,16217.4,1.0
2013-04-29,36968.0,68.91084180913222,20395.0,1.0
2013-04-30,38248.0,71.99458795231124,10740.5,-1.0
2013-05-01,32189.0,71.23243031667495,7671.799999999999,1.0
2013-05-02,38156.0,71.61814655624279,15470.7,1.0
2013-05-03,34805.0,72.370119235742,7357.599999999999,1.0
2013-05-06,38083.0,72.28640075624294,6638.7,1.0
2013-05-07,43298.0,70.66633562751166,19161.3,1.0
2013-05-08,42193.0,69.46119024482734,23112.5,-1.0
2013-05-09,38960.0,70.21429671457905,15507.2,1.0
2013-05-10,35661.0,69.9527775440958,17979.1,-1.0
2013-05-13,36199.0,69.76361225448217,19297.4,1.0
2013-05-14,38450.0,67.43555266579973,28811.2,1.0
2013-05-15,40594.0,70.60045819579248,17467.8,-1.0
2013-05-16,37924.0,70.39518510705622,16259.8,1.0
2013-05-17,34691.0,69.57522123893806,18148.2,-1.0
2013-05-20,37600.0,71.57117021276596,12249.5,1.0
2013-05-21,41019.0,70.34652234330433,20872.4,-1.0
2013-05-22,43653.0,68.31713742469017,28068.1,-1.0
2013-05-23,39707.0,70.11519379454504,17257.899999999998,-1.0
2013-05-24,35477.0,69.76105645911436,17278.5,1.0
2013-05-28,37986.0,70.36824093086926,16934.8,-1.0
2013-05-29,40634.0,71.32785352168135,13104.2,1.0
2013-05-30,42487.0,71.34621007747569,20108.6,-1.0
2013-05-31,40410.0,70.59116555308093,17335.3,1.0
2013-06-03,38890.0,74.81151967086655,2762.4999999999995,-1.0
2013-06-04,41569.0,70.99085857249392,13488.9,-1.0
2013-06-05,42297.0,70.53788684776698,16659.5,1.0
2013-06-06,38538.0,70.70475893922881,14368.8,1.0
2013-06-07,36215.0,69.05831837636339,18575.7,-1.0
2013-06-10,35636.0,69.92156807722527,14253.4,-1.0
2013-06-11,42119.0,70.16586338706996,17059.5,-1.0
2013-06-12,43883.0,69.63393569263724,18694.7,1.0
2013-06-13,121053.0,68.78504456725567,74679.0,-1.0
2013-06-14,109701.0,67.61234628672483,78217.4,1.0
2013-06-17,120282.0,66.76202590578806,99694.8,1.0
2013-06-18,108691.0,65.9986124251419,92993.2,-1.0
2013-06-19,106132.0,66.75891342856066,88762.7,-1.0
2013-06-20,110374.0,66.6557160200772,101396.3,1.0
2013-06-21,114975.0,68.30187432050445,85236.9,-1.0
2013-06-24,98687.0,66.76841934601315,78487.0,1.0
2013-06-25,95029.0,67.39181723473887,68055.3,1.0
2013-06-26,84632.0,67.44727762548445,63042.2,1.0
2013-06-27,131426.0,66.69846149163789,114424.3,-1.0
2013-06-28,118044.0,67.39094415500958,80360.6,1.0
2013-07-01,84091.0,67.11966797873733,64010.3,-1.0
2013-07-02,140894.0,67.36027084190953,94360.9,-1.0
2013-07-03,135361.0,68.03386499804228,85538.09999999999,1.0
2013-07-05,110045.0,69.77533736198828,56468.8,1.0
2013-07-08,124064.0,69.59526532608325,71534.3,1.0
2013-07-09,130545.0,69.18270328239305,81094.1,1.0
2013-07-10,127518.0,69.08921877695698,77632.5,1.0
2013-07-11,124059.0,69.63818828138224,68634.4,1.0
2013-07-12,122971.0,68.86848931861984,74097.4,1.0
2013-07-15,125250.0,71.60315369261477,53845.8,-1.0
2013-07-16,135370.0,72.72654101585316,46603.1,1.0
2013-07-17,146249.0,69.79150626670952,81228.8,1.0
2013-07-18,143284.0,69.63581418720862,77152.3,1.0
2013-07-19,133693.0,70.96148639046173,64830.1,1.0
2013-07-22,134258.0,69.58861296905957,77226.59999999999,-1.0
2013-07-23,111209.0,69.52989416324219,67652.2,-1.0
2013-07-24,131795.0,68.31561895367805,90544.5,1.0
2013-07-25,141453.0,76.83679663524133,78383.09999999999,-1.0
2013-07-26,131908.0,71.21036631591716,56482.1,-1.0
2013-07-29,129702.0,69.6000678478358,77411.0,1.0
2013-07-30,140218.0,70.8808053289211,73018.59999999999,1.0
2013-07-31,140622.0,69.8310363954431,76950.4,1.0
2013-08-01,138923.0,69.23826868121189,92673.1,-1.0
2013-08-02,123501.0,69.22965613442858,55827.7,-1.0
2013-08-05,136133.0,71.0606686108438,60130.9,-1.0
2013-08-06,156650.0,71.76977338014683,60475.5,-1.0
2013-08-07,156102.0,70.49982063010083,75101.59999999999,1.0
2013-08-08,146540.0,70.63661798826259,72142.3,-1.0
2013-08-09,124547.0,71.68657050955022,44332.5,-1.0
2013-08-12,135312.0,72.30993555634386,54773.0,1.0
2013-08-13,143380.0,71.35535639559214,65878.5,-1.0
2013-08-14,146812.0,71.50831675884805,62165.8,-1.0
2013-08-15,34544.0,71.60479388605836,9681.4,-1.0
2013-08-16,131857.0,71.62953806017124,43994.6,-1.0
2013-08-19,141363.0,71.53215886273759,60222.4,1.0
2013-08-20,142024.0,71.60861544527685,60510.7,-1.0
2013-08-21,148577.0,71.27560120341641,61279.8,1.0
2013-08-22,143159.0,71.67961497356086,58025.1,1.0
2013-08-23,132445.0,72.92317565782022,39562.8,-1.0
2013-08-26,144415.0,71.17633902295468,51582.8,-1.0
2013-08-27,165253.0,73.56841339659066,64646.1,1.0
2013-08-28,163649.0,71.25668351166216,56580.7,1.0
2013-08-29,167715.0,72.36898309632411,50335.6,-1.0
2013-08-30,161748.0,72.71592229888468,42310.5,1.0
2013-09-03,154414.0,69.1101215745935,86779.29999999999,1.0
2013-09-04,185534.0,69.24642922591008,101661.7,1.0
2013-09-05,175247.0,68.72525635246252,109079.6,1.0
2013-09-06,163559.0,69.8287529270783,89266.2,1.0
2013-09-09,168459.0,68.75242047026279,110680.0,1.0
2013-09-10,180376.0,69.80075622496287,109612.3,1.0
2013-09-11,178346.0,68.83479864981553,106130.9,-1.0
2013-09-12,162352.0,69.08484034690056,102276.1,1.0
2013-09-13,164249.0,68.82134442218826,108890.9,1.0
2013-09-16,161410.0,74.1591442103748,86582.2,1.0
2013-09-17,173339.0,71.03697956028361,72825.9,1.0
2013-09-18,167586.0,70.10039621448092,92234.4,-1.0
2013-09-19,57350.0,69.95877942458587,31266.4,-1.0
2013-09-20,154864.0,70.52200331906266,78896.0,-1.0
2013-09-23,174224.0,70.72302323445679,80275.09999999999,1.0
2013-09-24,178806.0,67.89224580607606,105251.5,-1.0
2013-09-25,179287.0,68.12254653153882,122401.6,1.0
2013-09-26,180369.0,68.70488831229314,121760.6,-1.0
2013-09-27,117062.0,67.87734704686406,82686.8,-1.0
2013-09-30,136052.0,69.57057595625201,84948.0,1.0
2013-10-01,161106.0,68.55096825630355,112736.1,-1.0
2013-10-02,161737.0,68.98199546176818,108462.6,-1.0
2013-10-03,51865.0,67.5920177383592,38153.5,1.0
2013-10-04,62753.0,67.84480423246697,44795.2,-1.0
2013-10-07,160250.0,69.49971918876756,92540.5,-1.0
2013-10-08,143728.0,68.80216102638317,91505.1,-1.0
2013-10-09,170618.0,70.93206310578817,106516.1,1.0
2013-10-10,174645.0,69.55094620515904,107538.5,1.0
2013-10-11,140974.0,70.40676583459243,81680.5,1.0
2013-10-14,138527.0,67.57850094205462,102612.0,-1.0
2013-10-15,155459.0,67.90169755369583,114870.1,1.0
2013-10-16,153612.0,67.43123584094992,114201.6,1.0
2013-10-17,152892.0,67.39878486886363,99264.5,1.0
2013-10-18,149639.0,70.3929390065424,76884.8,1.0
2013-10-21,73095.0,69.56913605581776,41578.9,1.0
2013-10-22,170220.0,68.54591704852544,109424.3,-1.0
2013-10-23,159719.0,68.86335376504987,99275.1,1.0
2013-10-24,163151.0,69.93605278784482,92061.8,1.0
2013-10-25,151130.0,69.8791371666777,80588.09999999999,-1.0
2013-10-28,154137.0,69.814956824124,85515.8,1.0
2013-10-29,165256.0,68.59670450694679,111551.7,-1.0
2013-10-30,153057.0,68.83488504282718,96526.8,-1.0
2013-10-31,159322.0,68.81232492247156,98158.2,1.0
2013-11-01,135018.0,69.89448814232176,65217.5,1.0
2013-11-04,107419.0,69.97802995745631,51562.3,-1.0
2013-11-05,157190.0,68.40610725873147,100887.8,1.0
2013-11-06,149737.0,68.08175000166959,106312.1,-1.0
2013-11-07,157291.0,67.68941007432085,113295.0,1.0
2013-11-08,132614.0,69.12581285759289,81526.9,1.0
2013-11-11,140614.0,67.0258651343394,112078.9,-1.0
2013-11-12,161513.0,66.61812361853225,141996.5,1.0
2013-11-13,164443.0,67.24398727826663,131606.4,1.0
2013-11-14,161743.0,68.48394675503731,114954.7,1.0
2013-11-15,147370.0,69.55640734994563,96413.6,-1.0
2013-11-18,158128.0,68.7990931397349,99458.2,-1.0
2013-11-19,171571.0,69.88721287397054,99495.6,-1.0
2013-11-20,172982.0,68.44649732342093,121221.4,1.0
2013-11-21,170063.0,69.26299077400728,114505.5,1.0
2013-11-22,151915.0,70.9931737241052,88670.0,-1.0
2013-11-25,157955.0,67.66646196701592,128932.8,1.0
2013-11-26,161207.0,68.50942576935245,120385.3,1.0
2013-11-27,158374.0,68.6576205690328,114575.1,-1.0
2013-11-29,121674.0,69.49266893502309,78750.3,-1.0
2013-12-02,36407.0,68.08940588348395,20433.5,-1.0
2013-12-03,37759.0,67.7380227230594,22594.6,-1.0
2013-12-04,53794.0,67.50111536602596,34214.3,-1.0
2013-12-05,164217.0,67.87260149679996,113172.5,1.0
2013-12-06,151164.0,67.73400412796698,106661.3,1.0
2013-12-09,144045.0,66.23703009476205,120847.8,-1.0
2013-12-10,154797.0,67.27758289889339,118982.3,-1.0
2013-12-11,124003.0,69.3435684751318,97139.1,-1.0
2013-12-12,154858.0,67.86224153740847,120397.3,1.0
2013-12-13,141271.0,69.55806216420922,87724.09999999999,1.0
2013-12-16,146454.0,69.89960533143966,87666.7,-1.0
2013-12-17,149226.0,69.83539061557637,86923.9,1.0
2013-12-18,138299.0,70.67975184202344,77566.4,-1.0
2013-12-19,148468.0,72.09450988758107,72202.5,1.0
2013-12-20,135598.0,71.97683594153307,63680.8,1.0
2013-12-23,112173.0,72.20474624018257,58489.4,1.0
2013-12-24,95054.0,72.00352431249605,48467.4,1.0
2013-12-26,99506.0,73.20217876308966,36414.3,-1.0
2013-12-27,104896.0,74.7387316961562,21653.6,1.0
2013-12-30,105113.0,74.76269348225243,23357.6,1.0
2013-12-31,99089.0,73.55638870106672,31481.5,-1.0
2014-01-02,115773.0,74.55569951543106,25569.2,1.0
2014-01-03,107898.0,74.75395280728095,15446.2,-1.0
2014-01-06,126225.0,70.70223014458308,59120.4,1.0
2014-01-07,134148.0,71.00125980260607,66485.0,1.0
2014-01-08,139942.0,70.99640515484396,67058.1,1.0
2014-01-09,143622.0,70.61938978707997,71973.4,1.0
2014-01-10,132025.0,70.70428327968187,66897.3,-1.0
2014-01-13,130828.0,68.61009111199438,82525.09999999999,1.0
2014-01-14,145135.0,69.6576773348951,81708.5,1.0
2014-01-15,154905.0,70.13894967883542,86409.4,-1.0
2014-01-16,152570.0,69.87156481880169,80598.7,-1.0
2014-01-17,34004.0,71.68000823432537,7955.599999999999,1.0
2014-01-21,36086.0,72.56750540375769,9240.4,1.0
2014-01-22,39737.0,71.22387195812468,10970.2,-1.0
2014-01-27,151721.0,69.06108580882014,83941.0,1.0
2014-01-28,158295.0,69.13051580909062,91519.1,-1.0
2014-01-29,148367.0,68.28502294984733,99289.8,1.0
2014-01-30,93427.0,68.33893842251169,63956.4,-1.0
2014-01-31,118125.0,70.2249814052295,59635.6,-1.0
2014-02-03,128314.0,68.86169864551023,74036.9,1.0
2014-02-04,138412.0,68.26239776897957,90381.1,-1.0
2014-02-05,136152.0,67.94615576708385,91835.3,1.0
2014-02-06,137628.0,67.8750181649083,93113.0,1.0
2014-02-07,127453.0,68.95611715691274,77527.8,1.0
2014-02-10,133906.0,68.67483906621062,90345.4,1.0
2014-02-11,147324.0,67.58862778637561,113656.8,1.0
2014-02-12,147309.0,68.74708945142524,94764.6,1.0
2014-02-13,142521.0,68.57112285207093,93514.1,1.0
2014-02-14,132477.0,69.52303418706643,82492.3,1.0
2014-02-18,153402.0,70.73154196164326,75920.5,-1.0
2014-02-19,167325.0,70.4289616016734,81013.7,1.0
2014-02-20,160885.0,70.0478354103863,83835.7,1.0
2014-02-21,146646.0,69.83990016775091,81710.59999999999,1.0
2014-02-24,150837.0,70.10210359527171,76066.9,-1.0
2014-02-25,158191.0,71.06329248826566,79696.09999999999,1.0
2014-02-26,160810.0,70.77909333996642,67969.2,1.0
2014-02-27,43197.0,70.40007407921847,14885.0,1.0
2014-02-28,147531.0,70.00966576516122,74338.4,-1.0
2014-03-03,149553.0,69.74881814473798,81564.3,1.0
2014-03-04,151586.0,69.30430250814719,91402.1,-1.0
2014-03-05,156682.0,67.64426706655141,110039.8,1.0
2014-03-06,156233.0,68.4753605192245,97090.1,1.0
2014-03-07,139939.0,70.05060061884106,70976.2,-1.0
2014-03-10,144985.0,69.76069248542953,76002.4,-1.0
2014-03-11,152708.0,69.71396390496896,72251.9,1.0
2014-03-12,144496.0,70.38434998935797,79611.5,-1.0
2014-03-13,149060.0,69.41698644841004,79757.4,-1.0
2014-03-14,89867.0,69.52769092102774,46876.0,1.0
2014-03-17,142774.0,70.23219913989942,66760.7,1.0
2014-03-18,153788.0,69.98205321611569,77940.4,-1.0
2014-03-20,152077.0,70.05726046673725,78460.3,-1.0
2014-03-21,141767.0,72.27691799669958,70686.3,-1.0
2014-03-24,146069.0,69.92807508780098,74747.5,1.0
2014-03-25,155794.0,69.55784561664763,88750.0,-1.0
2014-03-26,154900.0,68.73448030987734,95829.2,-1.0
2014-03-27,151269.0,68.09613998902617,103407.2,1.0
2014-03-28,139318.0,69.85688137929054,74167.4,1.0
2014-03-31,139906.0,69.5908252683945,77289.09999999999,1.0
2014-04-01,140954.0,69.2781474807384,86319.4,1.0
2014-04-02,135591.0,68.69065055940291,87958.6,-1.0
2014-04-03,140298.0,70.07596687051847,75284.1,-1.0
2014-04-04,89595.0,69.5316144874156,49967.1,-1.0
2014-04-07,143598.0,70.45796119172218,68835.4,1.0
2014-04-08,114133.0,69.31279296960564,67116.8,1.0
2014-04-09,159169.0,68.73062424607961,94417.3,-1.0
2014-04-10,156776.0,68.80562075827933,94781.4,-1.0
2014-04-11,141180.0,69.76108513953818,74229.0,1.0
2014-04-14,142038.0,70.89036032610991,66214.5,1.0
2014-04-15,146752.0,73.15966660268413,66523.1,1.0
2014-04-16,147611.0,69.78377627683574,81882.59999999999,1.0
2014-04-17,156088.0,69.8841743119266,86865.59999999999,1.0
2014-04-21,123215.0,70.91171529440409,55586.4,1.0
2014-04-22,147469.0,54.84333105033669,80208.0,-1.0
2014-04-23,159526.0,69.22186352068002,90888.3,1.0
2014-04-24,149346.0,70.00392377432271,71779.8,-1.0
2014-04-25,141354.0,69.04486608090326,77466.5,-1.0
2014-04-28,140758.0,69.86436908999197,77662.0,1.0
2014-04-29,149319.0,70.76688833972904,65847.09999999999,1.0
2014-04-30,145382.0,70.95274966195389,66880.6,1.0
2014-05-01,135116.0,71.14836140797537,52789.1,1.0
2014-05-02,134461.0,72.65540937520917,34623.0,1.0
2014-05-05,133420.0,71.79619997001949,51371.8,-1.0
2014-05-06,150675.0,70.38872407499585,64478.5,1.0
2014-05-07,150543.0,69.81395348837209,77842.6,-1.0
2014-05-08,142582.0,70.07668386475335,70433.2,1.0
2014-05-09,133009.0,71.01881827545505,53286.3,1.0
2014-05-12,138654.0,69.64758319269549,70548.59999999999,-1.0
2014-05-13,141615.0,69.66026903929668,77691.3,-1.0
2014-05-14,146263.0,69.08106629838032,85382.5,-1.0
2014-05-15,149392.0,70.06784834529292,65353.9,1.0
2014-05-16,136638.0,70.67280645830803,58286.4,1.0
2014-05-19,138908.0,70.59546606386961,69416.3,-1.0
2014-05-20,149515.0,70.04855700096981,77767.59999999999,1.0
2014-05-21,150538.0,69.60231303723977,86795.3,1.0
2014-05-22,149945.0,69.81619927306679,77537.4,1.0
2014-05-23,141114.0,70.36495315843928,60083.8,1.0
2014-05-27,140360.0,69.90976061555999,72418.4,-1.0
2014-05-28,144195.0,69.97293942231006,73079.4,1.0
2014-05-29,144334.0,69.97186387129851,75165.8,1.0
2014-05-30,133468.0,70.63193424641112,65298.9,1.0
2014-06-02,137510.0,69.65606864955276,82374.5,-1.0
2014-06-03,148359.0,68.28051550630565,100282.5,1.0
2014-06-04,153408.0,68.39472517730496,104997.2,1.0
2014-06-05,150530.0,68.34856174848868,96025.1,1.0
2014-06-06,117239.0,69.68646951952849,59247.0,1.0
2014-06-09,128814.0,70.59149484890523,73004.9,-1.0
2014-06-10,143306.0,70.49242878874576,67772.09999999999,-1.0
2014-06-11,143722.0,70.63703538776248,70526.0,-1.0
2014-06-12,138735.0,70.42439182614336,70946.9,1.0
2014-06-13,132414.0,71.08455299288595,59022.3,1.0
2014-06-16,140019.0,71.41533649004778,63443.7,1.0
2014-06-17,148093.0,72.89526045106906,54611.9,1.0
2014-06-18,148637.0,71.73606168046987,59150.6,1.0
2014-06-19,147183.0,70.88706576167084,66355.0,1.0
2014-06-20,143640.0,71.85731690336954,60869.8,-1.0
2014-06-23,143263.0,72.27942315880583,55591.9,-1.0
2014-06-24,147311.0,71.61800544426417,67576.0,1.0
2014-06-25,150497.0,69.82193071720022,66329.3,-1.0
2014-06-26,146102.0,70.84634707259312,73384.7,1.0
2014-06-27,138284.0,70.4540583147725,84252.3,1.0
2014-06-30,128912.0,72.28701750031028,48884.5,1.0
2014-07-01,136445.0,72.35297006119681,48658.5,-1.0
2014-07-02,140927.0,72.03970850156465,53232.2,1.0
2014-07-03,138149.0,71.51461466835805,54094.6,-1.0
2014-07-07,153123.0,72.06349797221841,45282.7,-1.0
2014-07-08,140596.0,71.86602037042306,43110.7,1.0
2014-07-09,142763.0,71.09496157968101,52663.3,-1.0
2014-07-10,155901.0,71.91250857916242,50894.4,1.0
2014-07-11,228739.0,73.17784612845838,58907.4,1.0
2014-07-14,148466.0,71.91030943111554,52397.3,-1.0
2014-07-15,161108.0,70.80284653772624,67710.9,1.0
2014-07-16,160155.0,72.2713933377041,52581.4,-1.0
2014-07-17,170637.0,76.1190822857315,8675.199999999999,1.0
2014-07-18,174753.0,75.71280607485994,-19028.300000000003,-1.0
2014-07-21,162998.0,73.77267819237046,32630.6,1.0
2014-07-22,165610.0,73.52164120524122,41319.2,1.0
2014-07-23,170611.0,73.72134856486393,36875.5,1.0
2014-07-24,172181.0,73.10568038648586,43753.2,-1.0
2014-07-25,178061.0,75.12480554416744,20890.0,-1.0
2014-07-28,144934.0,74.04575875915934,21377.6,-1.0
2014-07-29,148535.0,72.73643249065877,49944.3,1.0
2014-07-30,145296.0,73.59777970487832,38028.0,-1.0
2014-07-31,153580.0,72.93210855947869,44280.99999999999,-1.0
2014-08-01,143942.0,74.15748009614984,29039.0,1.0
2014-08-04,149415.0,73.00118462001807,43735.8,-1.0
2014-08-05,158436.0,73.62240904844859,39560.3,-1.0
2014-08-06,161261.0,73.96841765833028,34649.9,-1.0
2014-08-07,163970.0,75.4551989825398,41548.1,1.0
2014-08-08,152690.0,74.77984805815706,29801.8,1.0
2014-08-11,137385.0,72.40671834625323,38154.5,-1.0
2014-08-12,152667.0,71.33670013820931,68178.9,1.0
2014-08-13,160449.0,70.67736788636888,78925.3,1.0
2014-08-14,155980.0,71.89620060726227,43548.49999999999,-1.0
2014-08-15,143311.0,73.41396682738939,33912.9,1.0
2014-08-18,149492.0,72.68918738126455,52792.8,1.0
2014-08-19,153218.0,75.00019579944914,17116.899999999998,1.0
2014-08-20,162897.0,75.59218401812188,13789.899999999998,1.0
2014-08-21,159916.0,74.833018584757,27416.3,-1.0
2014-08-22,146839.0,74.22978603249427,17964.699999999997,1.0
2014-08-25,152958.0,74.17808156487402,33889.1,1.0
2014-08-26,160783.0,72.78447348289309,51146.6,-1.0
2014-08-27,164345.0,72.75657914752502,59320.3,-1.0
2014-08-28,165129.0,71.99798339480043,66421.2,1.0
2014-08-29,141784.0,71.3444854990918,55777.7,1.0
2014-09-02,162834.0,72.60133018902687,54649.5,-1.0
2014-09-03,182156.0,71.35974659083423,91823.1,-1.0
2014-09-04,172619.0,70.61585920437496,85184.59999999999,1.0
2014-09-05,161622.0,70.12623302311616,93300.0,-1.0
2014-09-08,155372.0,70.6128324279793,79518.9,-1.0
2014-09-09,166269.0,70.08148241704707,88653.7,1.0
2014-09-10,176327.0,70.3274881328441,91705.0,1.0
2014-09-11,180606.0,71.2085755733475,82783.5,-1.0
2014-09-12,168500.0,72.13491492374506,73916.7,-1.0
2014-09-15,166591.0,70.88788710074374,85362.59999999999,1.0
2014-09-16,171906.0,70.5905843891429,84520.7,1.0
2014-09-17,172500.0,70.36988985507246,88052.7,1.0
2014-09-18,167106.0,71.40915330204754,75884.4,-1.0
2014-09-19,158251.0,71.49722276636483,64404.5,-1.0
2014-09-22,160836.0,70.19909721704096,87983.7,-1.0
2014-09-23,183670.0,73.38721075842544,42907.6,1.0
2014-09-24,183978.0,72.57586233136571,64380.3,-1.0
2014-09-25,179052.0,71.64731460124312,74123.9,1.0
2014-09-26,162458.0,71.6620788142166,69401.9,-1.0
2014-09-29,162195.0,70.92833934461605,73356.9,-1.0
2014-09-30,165391.0,71.10653542212091,79714.5,-1.0
2014-10-01,166818.0,70.60193144624681,83763.9,1.0
2014-10-02,111546.0,70.54538193115195,51330.5,1.0
2014-10-03,153579.0,72.4944621334948,51278.0,-1.0
2014-10-06,156907.0,72.48493056396464,52814.5,-1.0
2014-10-07,173389.0,73.54888718430811,37894.0,1.0
2014-10-08,181843.0,72.02854110413928,59174.2,-1.0
2014-10-09,185537.0,71.97879819798965,63889.4,-1.0
2014-10-10,168440.0,71.73886250296842,60509.0,-1.0
2014-10-13,157176.0,71.1208199725149,63439.2,1.0
2014-10-14,188155.0,70.34137993345877,94386.6,-1.0
2014-10-15,216515.0,72.89683025654574,70156.4,1.0
2014-10-16,181905.0,69.82388059701492,92958.5,1.0
2014-10-17,171644.0,70.34847708046888,86132.59999999999,1.0
2014-10-20,172167.0,69.70409544221599,92935.0,1.0
2014-10-21,185724.0,71.47616071261642,92859.3,-1.0
2014-10-22,184729.0,71.56973729084226,72787.8,1.0
2014-10-23,178619.0,71.90523404565023,59136.2,1.0
2014-10-24,168042.0,72.20715059330405,54542.7,-1.0
2014-10-27,168553.0,71.16001495078699,71930.2,1.0
2014-10-28,176181.0,70.12089126372962,86000.8,-1.0
2014-10-29,182860.0,69.80919829377666,93296.6,1.0
2014-10-30,178025.0,70.7520235921921,78271.2,1.0
2014-10-31,160910.0,70.54096078553229,76929.09999999999,1.0
2014-11-03,163591.0,62.848756370623136,58916.2,-1.0
2014-11-04,170783.0,71.26733339969435,68358.4,1.0
2014-11-05,190056.0,71.41785052826535,84896.8,1.0
2014-11-06,182706.0,71.61363064157717,72734.5,1.0
2014-11-07,165045.0,71.08723681420219,76771.59999999999,1.0
2014-11-10,171831.0,69.33547345218938,104209.4,1.0
2014-11-11,174119.0,69.76307582745135,100238.4,-1.0
2014-11-12,180793.0,70.51150210461688,84776.0,-1.0
2014-11-13,180828.0,70.08375362222665,97504.3,-1.0
2014-11-14,166973.0,70.5259772538075,79799.4,1.0
2014-11-17,169012.0,70.2716197666438,89961.7,1.0
2014-11-18,177334.0,71.33662467434333,73738.9,-1.0
2014-11-19,175076.0,70.79125636866276,75780.2,1.0
2014-11-20,198996.0,70.6979386520332,93958.1,1.0
2014-11-21,170469.0,70.64182344003895,87727.0,1.0
2014-11-24,169277.0,71.4830719243834,65746.4,-1.0
2014-11-25,173078.0,72.73916384520274,50712.6,1.0
2014-11-26,168789.0,72.63555089490428,53277.0,-1.0
2014-11-28,129934.0,71.6078547570305,50448.7,-1.0
2014-12-01,156697.0,72.06629992916265,53100.1,1.0
2014-12-02,157900.0,71.39530715642812,61801.6,1.0
2014-12-03,170675.0,71.37469459499047,64192.4,-1.0
2014-12-04,174011.0,72.21300377562338,55579.6,1.0
2014-12-05,157683.0,71.79872909571736,61918.3,-1.0
2014-12-08,152887.0,73.37309254547476,48974.2,1.0
2014-12-09,174595.0,72.89738537758814,61415.5,-1.0
2014-12-10,175460.0,72.57248375698165,61281.2,1.0
2014-12-11,122095.0,72.18006470371432,45967.6,-1.0
2014-12-12,154953.0,73.28130465366918,39145.6,-1.0
2014-12-15,164042.0,73.16957852257349,45759.5,-1.0
2014-12-16,167183.0,74.38042145433447,26309.4,1.0
2014-12-17,181637.0,72.0884951854523,88584.5,1.0
2014-12-18,174415.0,72.9904710030674,71796.7,1.0
2014-12-19,152820.0,74.0812524538673,42809.4,1.0
2014-12-22,143782.0,74.8686066406087,24477.1,1.0
2014-12-23,138241.0,74.54633574699257,30283.2,1.0
2014-12-24,118742.0,75.181864883529,19593.8,1.0
2014-12-26,94452.0,75.81638292466015,13786.7,1.0
2014-12-29,132739.0,72.82168013922058,50465.6,-1.0
2014-12-30,131611.0,72.85655113115129,34873.1,-1.0
2014-12-31,119196.0,74.21395852209805,23792.0,-1.0
2015-01-02,109282.0,75.09264105708168,6472.699999999999,-1.0
2015-01-05,140951.0,73.70368425906875,29774.1,-1.0
2015-01-06,149599.0,74.30647263684918,28082.6,1.0
2015-01-07,164195.0,76.09763075571672,12719.5,1.0
2015-01-08,162790.0,74.58663308557037,16759.8,-1.0
2015-01-09,23420.0,74.09871904355252,1894.6,-1.0
2015-01-12,169846.0,72.39752481659856,51512.6,-1.0
2015-01-13,179198.0,72.08544738222525,57464.0,-1.0
2015-01-14,181558.0,71.46483768272398,65037.4,-1.0
2015-01-15,183582.0,76.09587261094484,56690.7,1.0
2015-01-16,173154.0,74.30631114499232,22842.4,-1.0
2015-01-20,182920.0,72.69220424229171,45765.5,1.0
2015-01-21,184939.0,71.66691109625043,63881.9,1.0
2015-01-22,189579.0,70.45408510436282,82581.0,-1.0
2015-01-23,172357.0,70.8615489942387,70611.7,1.0
2015-01-26,167186.0,71.19345519361669,61641.3,-1.0
2015-01-27,178927.0,72.19847744847368,58238.3,-1.0
2015-01-28,183688.0,72.52984408344584,43602.1,1.0
2015-01-29,186673.0,71.73543576200093,57038.0,-1.0
2015-01-30,164353.0,72.53971025779876,37394.0,1.0
2015-02-02,162680.0,71.46602532579297,70394.9,1.0
2015-02-03,171844.0,71.24396802085754,65537.0,-1.0
2015-02-04,183330.0,71.68054328260514,63527.0,1.0
2015-02-05,183717.0,70.08759124087591,89853.4,-1.0
2015-02-06,175444.0,70.69596566425754,75572.09999999999,-1.0
2015-02-09,171167.0,70.48391174748092,80323.7,1.0
2015-02-10,178098.0,69.8164325259127,88376.0,-1.0
2015-02-11,188848.0,70.45689125646022,85427.2,1.0
2015-02-12,186697.0,69.8676679325324,100795.7,1.0
2015-02-13,168426.0,72.5060501347773,51253.0,1.0
2015-02-17,175427.0,71.51135230038706,62813.9,1.0
2015-02-18,217351.0,69.69173364741823,120281.0,-1.0
2015-02-19,217724.0,69.02145836012566,127355.9,1.0
2015-02-20,205552.0,69.26067856308866,107016.7,-1.0
2015-02-23,195653.0,68.49651679248466,130263.3,1.0
2015-02-24,215343.0,69.47513501715868,119392.7,-1.0
2015-02-25,224356.0,70.72832462693219,102991.4,-1.0
2015-02-26,224598.0,69.95520808658608,118037.4,-1.0
2015-02-27,209688.0,70.03655430925947,107386.7,1.0
2015-03-02,196892.0,70.50322003941247,91672.1,-1.0
2015-03-03,222703.0,69.46849840370359,119665.8,-1.0
2015-03-04,225570.0,68.48810635178314,136887.7,1.0
2015-03-05,215183.0,69.40459051133222,119079.5,-1.0
2015-03-06,193837.0,70.1331376362614,93101.0,1.0
2015-03-09,220397.0,70.22368435876484,107641.4,-1.0
2015-03-10,212648.0,69.83508427071969,116104.8,1.0
2015-03-11,214917.0,69.63117389503854,111242.6,1.0
2015-03-12,236132.0,69.49028932969695,114689.4,-1.0
2015-03-13,210423.0,69.72128997305428,108994.3,1.0
2015-03-16,201605.0,68.97648867835619,124666.1,-1.0
2015-03-17,217442.0,68.7477166324813,136295.8,1.0
2015-03-18,222684.0,69.95698388748181,108821.1,-1.0
2015-03-19,222265.0,70.42560062193374,93099.0,1.0
2015-03-20,210000.0,69.45259047619048,108189.4,-1.0
2015-03-23,201415.0,67.4239902688479,142337.8,-1.0
2015-03-24,218453.0,67.74576224634131,152438.9,-1.0
2015-03-25,223911.0,68.34244625381027,142587.9,-1.0
2015-03-26,230979.0,68.17041808995623,149835.7,1.0
2015-03-27,213043.0,68.85068272602244,128548.9,1.0
2015-03-30,199142.0,69.47086726314237,118881.7,-1.0
2015-03-31,214880.0,69.59107408786299,130350.2,-1.0
2015-04-01,218522.0,69.4897813492463,144677.5,1.0
2015-04-02,213638.0,71.07198157631133,104038.9,1.0
2015-04-06,171258.0,70.84492403274592,80440.4,-1.0
2015-04-07,201185.0,70.00150110594726,100379.7,1.0
2015-04-08,215117.0,70.17394255219253,111379.9,1.0
2015-04-09,217831.0,69.128328842084,135799.7,1.0
2015-04-10,198600.0,69.3668161588277,120633.2,-1.0
2015-04-13,192852.0,70.17969738452285,96942.7,1.0
2015-04-14,212893.0,70.17595693611345,112934.7,1.0
2015-04-15,213185.0,70.09133394108505,118876.8,-1.0
2015-04-16,215280.0,69.64999535488666,114684.7,-1.0
2015-04-17,209045.0,70.60544380396566,94532.3,1.0
2015-04-20,201592.0,68.77960325609774,129658.6,-1.0
2015-04-21,215578.0,69.06190387702742,131423.1,1.0
2015-04-22,219624.0,68.87228627108148,129357.9,1.0
2015-04-23,218682.0,68.71019105367611,129275.8,-1.0
2015-04-24,215241.0,69.24691857034672,118047.3,-1.0
2015-04-27,193311.0,67.41824621377859,132898.0,1.0
2015-04-28,210477.0,69.34203737225445,120921.6,-1.0
2015-04-29,212927.0,68.94795399362222,132843.6,-1.0
2015-04-30,209624.0,68.41018681067054,140684.7,1.0
2015-05-01,183502.0,69.60795522664603,99333.4,1.0
2015-05-04,179848.0,69.4388094390819,107814.2,-1.0
2015-05-05,199915.0,69.6611659955481,119811.3,-1.0
2015-05-06,206563.0,68.76647318251574,136357.3,1.0
2015-05-07,204057.0,70.44827767280847,140441.1,1.0
2015-05-08,194102.0,68.55935949550998,126656.4,-1.0
2015-05-11,190901.0,68.11871074536016,137282.6,-1.0
2015-05-12,211108.0,68.26668340375542,148382.8,1.0
2015-05-13,213246.0,67.97295033033963,140500.2,1.0
2015-05-14,207767.0,67.53978254486998,143358.9,1.0
2015-05-15,194557.0,68.28018524134315,132616.8,1.0
2015-05-18,186377.0,69.26430836422949,105687.3,-1.0
2015-05-19,203364.0,68.71430097646083,132321.3,-1.0
2015-05-20,209334.0,69.19182741456237,130483.9,1.0
2015-05-21,208945.0,68.75709397209792,142107.3,-1.0
2015-05-22,197630.0,69.4506805646916,118155.6,-1.0
2015-05-26,191617.0,69.63527244451171,113345.3,1.0
2015-05-27,199716.0,68.36590458451,132273.2,-1.0
2015-05-28,195715.0,67.83333418491173,140592.9,-1.0
2015-05-29,187720.0,68.66998188791817,121169.8,1.0
2015-06-01,176998.0,69.43892021378772,104100.6,-1.0
2015-06-02,187350.0,67.5352868961836,131369.6,1.0
2015-06-03,196293.0,68.22561171310235,128765.3,-1.0
2015-06-04,193863.0,68.75568313706071,124479.8,1.0
2015-06-05,186626.0,68.37533355481015,124452.7,-1.0
2015-06-08,183064.0,67.87075558274702,134831.7,-1.0
2015-06-09,193569.0,68.79691996135745,126008.1,1.0
2015-06-10,202395.0,68.70230983966995,128885.8,1.0
2015-06-11,204517.0,68.58226455502476,132202.0,-1.0
2015-06-12,187963.0,69.10544916400656,116942.8,-1.0
2015-06-15,188272.0,70.99927232939577,86493.0,1.0
2015-06-16,200490.0,70.06927028779491,105419.3,1.0
2015-06-17,196563.0,68.55092260496635,125637.8,1.0
2015-06-18,203975.0,68.79073495826108,104500.4,-1.0
2015-06-19,188856.0,70.01840555767357,96227.8,1.0
2015-06-22,187694.0,70.36955896299295,99730.5,-1.0
2015-06-23,203510.0,70.18310648125399,108570.4,-1.0
2015-06-24,204059.0,70.3824099453021,110424.1,-1.0
2015-06-25,202282.0,70.02296299225833,113973.3,1.0
2015-06-26,199578.0,72.76419244606119,59251.9,-1.0
2015-06-29,189102.0,70.80529169709993,81317.0,1.0
2015-06-30,196975.0,70.26857723061302,104196.3,1.0
2015-07-01,199252.0,69.81013490454299,107568.0,-1.0
2015-07-02,197720.0,70.39091138984422,103245.1,-1.0
2015-07-06,222732.0,68.82440331878671,139543.2,1.0
2015-07-07,236213.0,68.7292697692337,148300.3,-1.0
2015-07-08,234671.0,68.18437727712414,159652.4,1.0
2015-07-09,246624.0,68.59556247567147,162951.3,1.0
2015-07-10,233972.0,68.16520967314128,153525.0,1.0
2015-07-13,212252.0,69.69086745943501,126232.8,1.0
2015-07-14,236830.0,68.37056960689102,178334.1,-1.0
2015-07-15,237582.0,68.407338599382,170895.0,1.0
2015-07-16,228325.0,69.69947662323442,133226.4,-1.0
2015-07-17,210918.0,70.45795522430518,104943.9,-1.0
2015-07-20,200689.0,69.91960242409024,121113.8,-1.0
2015-07-21,216400.0,70.16772181146025,120296.7,1.0
2015-07-22,220006.0,70.72553475814296,107294.7,-1.0
2015-07-23,221353.0,69.39206606641879,132137.0,-1.0
2015-07-24,213692.0,70.94347004099357,95688.8,-1.0
2015-07-27,201319.0,71.59913868040275,80266.3,1.0
2015-07-28,221343.0,70.81025828691217,105771.7,1.0
2015-07-29,232803.0,71.13827570950546,100658.7,1.0
2015-07-30,228528.0,70.866416519333,103534.7,1.0
2015-07-31,217072.0,71.3426282523771,92228.7,-1.0
2015-08-03,194503.0,71.3712487725125,90857.3,-1.0
2015-08-04,210668.0,71.05230504870222,97662.4,1.0
2015-08-05,223444.0,70.21906901183291,117971.1,-1.0
2015-08-06,221490.0,70.59582825409726,101403.4,-1.0
2015-08-07,211241.0,71.51975232080893,82185.4,1.0
2015-08-10,190011.0,71.9065497369119,68669.7,-1.0
2015-08-11,208606.0,71.37464406584662,90360.9,1.0
2015-08-12,212380.0,70.62044448629814,104430.5,1.0
2015-08-13,217653.0,70.17328499951758,117714.7,1.0
2015-08-14,205291.0,70.18289647378599,112405.6,1.0
2015-08-17,190327.0,71.09408544242278,88339.3,-1.0
2015-08-18,210248.0,70.70499600471824,104338.8,-1.0
2015-08-19,219352.0,70.3366734745979,114752.0,-1.0
2015-08-20,215538.0,70.66722341304086,104192.2,-1.0
2015-08-21,207960.0,71.77281954765233,86783.0,-1.0
2015-08-24,195385.0,69.89163446528649,111778.9,-1.0
2015-08-25,213119.0,70.1477390565834,116229.0,1.0
2015-08-26,221354.0,70.40250089682073,112764.7,1.0
2015-08-27,217017.0,70.13815968334278,116146.0,1.0
2015-08-28,208765.0,70.17643762124877,111153.9,-1.0
2015-08-31,192131.0,70.39452814570724,106014.5,-1.0
2015-09-01,220893.0,71.01498463056774,107052.8,1.0
2015-09-02,225669.0,70.0184207844232,122963.3,1.0
2015-09-03,226817.0,68.70641089512691,147464.0,-1.0
2015-09-04,217545.0,68.19077891930405,151749.0,1.0
2015-09-08,225906.0,68.5613263923933,156470.6,-1.0
2015-09-09,242465.0,67.60021858824985,182872.2,1.0
2015-09-10,232417.0,68.36239429043266,169815.6,1.0
2015-09-11,225367.0,68.33547058797429,158242.8,-1.0
2015-09-14,208866.0,68.74775214730975,136398.7,1.0
2015-09-15,228460.0,68.75140068283288,148714.3,1.0
2015-09-16,239437.0,69.65007816673719,158545.30000000002,-1.0
2015-09-17,237750.0,68.74613669821241,149890.2,-1.0
2015-09-18,223477.0,68.79213520854495,143026.5,1.0
2015-09-21,217579.0,65.83697756560332,173983.6,-1.0
2015-09-22,241022.0,66.93124694011335,187084.6,-1.0
2015-09-23,233632.0,66.37987090809479,205666.1,-1.0
2015-09-24,227579.0,66.07089406316048,186515.7,1.0
2015-09-25,216079.0,65.70157075828826,179119.7,-1.0
2015-09-28,210679.0,65.95341253755714,175587.5,1.0
2015-09-29,229579.0,67.12475879762522,176730.7,1.0
2015-09-30,242598.0,68.29620184136647,175362.90000000002,1.0
2015-10-01,242754.0,69.61617110325679,137316.8,1.0
2015-10-02,228453.0,71.39327564094147,78590.4,1.0
2015-10-05,205529.0,70.15705803915839,102993.6,-1.0
2015-10-06,229393.0,70.02832693238241,124130.1,1.0
2015-10-07,237361.0,69.97901508672444,118559.4,1.0
2015-10-08,234941.0,70.27977236838186,114425.9,-1.0
2015-10-09,224941.0,70.73883818423498,102810.0,1.0
2015-10-12,205053.0,71.5325793819159,86355.09999999999,-1.0
2015-10-13,227908.0,70.68220071256823,112885.9,-1.0
2015-10-14,234855.0,70.34176832513678,114437.2,1.0
2015-10-15,232056.0,69.14045358726617,150173.3,1.0
2015-10-16,229549.0,70.51129388496574,120916.3,1.0
2015-10-19,210800.0,69.01424098671727,125300.3,1.0
2015-10-20,231790.0,69.50609158991861,135894.69999999998,-1.0
2015-10-21,48261.0,66.8245788524896,32649.0,1.0
2015-10-22,29167.0,70.33880755648507,11808.1,1.0
2015-10-23,253580.0,68.90385677103872,158581.2,-1.0
2015-10-26,213343.0,69.12865667024462,131002.4,-1.0
2015-10-27,232206.0,68.94886598514638,141894.0,1.0
2015-10-28,238290.0,67.93659826262117,168141.9,-1.0
2015-10-29,241613.0,68.05209984562089,172154.5,-1.0
2015-10-30,224765.0,69.13630236024292,143285.1,1.0
2015-11-02,199888.0,68.98092932041943,119509.5,1.0
2015-11-03,217072.0,69.04226708188988,127876.7,-1.0
2015-11-04,239484.0,67.96589333734195,167593.7,-1.0
2015-11-05,236093.0,68.48978156912742,148279.1,-1.0
2015-11-06,223744.0,67.7745105151267,149494.3,-1.0
2015-11-09,205642.0,67.91789128679939,145909.9,1.0
2015-11-10,228095.0,68.19060040772486,153964.1,-1.0
2015-11-11,229983.0,67.87050881020204,168176.7,-1.0
2015-11-12,233495.0,67.7488982633461,171011.7,-1.0
2015-11-13,223879.0,69.44627231674252,128131.2,1.0
2015-11-16,225718.0,71.6293923211735,81174.1,-1.0
2015-11-17,250641.0,70.16109096277145,124540.5,1.0
2015-11-18,252669.0,70.77727382464806,117960.4,-1.0
2015-11-19,252501.0,71.58355016415777,96442.5,1.0
2015-11-20,245541.0,71.12146017643695,111241.6,-1.0
2015-11-23,211929.0,70.14283085372932,113665.6,1.0
2015-11-24,245800.0,71.8053702196908,94290.4,1.0
2015-11-25,252170.0,71.63895447454739,87427.09999999999,1.0
2015-11-27,186019.0,70.94766663620383,82438.5,-1.0
2015-11-30,205952.0,69.56468011963953,119153.1,1.0
2015-12-01,228333.0,69.88892345234703,126448.6,-1.0
2015-12-02,236578.0,70.46700876666469,125388.4,-1.0
2015-12-03,235400.0,71.37331350892099,97243.8,1.0
2015-12-04,227122.0,71.38927536742368,92169.0,-1.0
2015-12-07,213738.0,71.2662231329946,86523.0,-1.0
2015-12-08,229131.0,71.18464546482143,101141.9,-1.0
2015-12-09,247723.0,70.099679884387,134408.9,1.0
2015-12-10,239272.0,69.80930314015849,138467.2,-1.0
2015-12-11,224338.0,69.86552880029241,125362.5,1.0
2015-12-14,204178.0,70.54857526276092,102666.8,1.0
2015-12-15,222625.0,70.91364432385878,104648.9,1.0
2015-12-16,227177.0,71.25683057703905,107189.9,-1.0
2015-12-17,224501.0,70.29841292466404,123930.8,-1.0
2015-12-18,209374.0,71.05180681459971,110639.4,1.0
2015-12-21,180886.0,72.10097069349811,79930.0,1.0
2015-12-22,192098.0,71.97475767576967,86869.6,1.0
2015-12-23,191506.0,72.4021962758347,79521.6,-1.0
2015-12-24,156858.0,73.2213403205447,49909.0,-1.0
2015-12-28,151701.0,73.98288362002096,32687.6,1.0
2015-12-29,163279.0,74.80633149394595,30442.6,-1.0
2015-12-30,173281.0,74.01038775168657,41600.8,-1.0
2015-12-31,161303.0,75.06681834807785,30189.4,-1.0
2016-01-04,194646.0,77.43283825023755,-13146.9,1.0
2016-01-05,213565.0,75.68988832439773,13413.899999999998,-1.0
2016-01-06,222359.0,73.58602530142697,47397.3,-1.0
2016-01-07,221844.0,72.87984349362615,63143.5,-1.0
2016-01-08,209919.0,74.4790813720946,42726.9,-1.0
2016-01-11,203378.0,71.56764743482579,87892.59999999999,1.0
2016-01-12,220753.0,71.5458091169769,90300.1,-1.0
2016-01-13,238975.0,71.63985772570352,92981.7,1.0
2016-01-14,230527.0,70.7553166235241,83568.7,-1.0
2016-01-15,221313.0,71.0745821528785,84356.8,-1.0
2016-01-19,225989.0,70.09468394061544,128730.1,-1.0
2016-01-20,242048.0,69.6305443548387,128677.0,1.0
2016-01-21,240629.0,69.58591441596815,128347.2,1.0
2016-01-22,229845.0,70.50329134851748,109395.4,-1.0
2016-01-25,204838.0,69.34907585506595,114664.9,1.0
2016-01-26,222230.0,68.59581064662737,136018.8,-1.0
2016-01-27,234605.0,68.85510965239445,137223.3,1.0
2016-01-28,237972.0,68.11890752867885,165483.59999999998,1.0
2016-01-29,213970.0,68.69182128335748,131801.6,1.0
2016-02-01,218534.0,69.31995021369673,132393.3,-1.0
2016-02-02,230346.0,68.89411146709732,140617.1,1.0
2016-02-03,230247.0,68.33757239771835,140509.2,1.0
2016-02-04,244440.0,69.2336647029946,145613.2,-1.0
2016-02-05,230332.0,68.89982286438706,151434.6,-1.0
2016-02-08,204404.0,68.74105744764618,133503.6,-1.0
2016-02-09,225438.0,68.94378055163726,138553.6,1.0
2016-02-10,236801.0,68.78492911769798,152343.9,-1.0
2016-02-11,247039.0,69.08409198547598,143597.9,1.0
2016-02-12,244943.0,69.2840970837826,136735.6,1.0
2016-02-16,243764.0,69.29741471259086,140640.2,1.0
2016-02-17,249814.0,68.8378362018826,144348.5,-1.0
2016-02-18,253173.0,69.67462565123454,129760.9,-1.0
2016-02-19,247608.0,70.07978740589965,116856.1,1.0
2016-02-22,215071.0,69.72239354979132,109242.5,-1.0
2016-02-23,239988.0,69.85650949214127,128796.6,1.0
2016-02-24,246672.0,68.60810306804177,150168.2,1.0
2016-02-25,247527.0,69.34999414205319,136895.4,1.0
2016-02-26,236914.0,70.00680423411816,123054.3,-1.0
2016-02-29,209195.0,70.31266999689285,99441.4,1.0
2016-03-01,233967.0,69.71703701804101,117409.9,1.0
2016-03-02,246662.0,69.49312623382862,129301.69999999998,1.0
2016-03-03,241359.0,69.48089774982495,128099.7,1.0
2016-03-04,229908.0,69.37425404944587,124369.7,1.0
2016-03-07,214138.0,68.76865723534422,125238.7,-1.0
2016-03-08,231102.0,69.6711668440775,121196.3,1.0
2016-03-09,238101.0,70.41220322468196,103380.2,1.0
2016-03-10,240694.0,70.29008201284618,108658.3,1.0
2016-03-11,225180.0,70.01198224026587,113756.9,-1.0
2016-03-14,221286.0,70.5408656670553,99738.3,-1.0
2016-03-15,239103.0,70.04248378313949,119092.3,1.0
2016-03-16,240057.0,69.41115217511032,130102.6,1.0
2016-03-17,231119.0,69.2550244679148,137217.7,1.0
2016-03-18,216821.0,70.24215366592719,105504.4,-1.0
2016-03-21,206434.0,70.47769262815234,96865.9,-1.0
2016-03-22,236749.0,71.24256955035025,69252.0,-1.0
2016-03-23,243355.0,71.1710628505681,84646.3,-1.0
2016-03-24,231373.0,71.1186223111599,92168.5,1.0
2016-03-28,187465.0,73.14616595097752,45508.5,1.0
2016-03-29,223933.0,70.9232359679011,97191.6,1.0
2016-03-30,233459.0,69.73201290162298,126687.3,1.0
2016-03-31,237091.0,69.67040925214368,133157.7,1.0
2016-04-01,219888.0,69.79599961560098,116122.8,-1.0
2016-04-04,214337.0,70.53089760517317,100050.5,-1.0
2016-04-05,230172.0,70.03194567540795,121583.1,1.0
2016-04-06,236018.0,69.39102341944744,139676.1,-1.0
2016-04-07,239751.0,68.90949359960959,144653.6,1.0
2016-04-08,242076.0,69.50304862935607,140014.3,-1.0
2016-04-11,209977.0,69.91909535626593,106133.7,1.0
2016-04-12,230309.0,69.47860483090109,137004.6,1.0
2016-04-13,239053.0,69.22308023743689,141542.2,-1.0
2016-04-14,233603.0,69.26700427648618,135277.4,1.0
2016-04-15,226125.0,69.67432220568315,129571.6,1.0
2016-04-18,225828.0,68.79205320887228,146387.1,1.0
2016-04-19,248173.0,69.860295036124,140719.1,1.0
2016-04-20,251435.0,69.18830281503821,157614.3,-1.0
2016-04-21,243877.0,68.36458132583229,173494.7,1.0
2016-04-22,231667.0,68.23181117725011,170894.9,-1.0
2016-04-25,235978.0,70.09518226793801,134061.8,1.0
2016-04-26,250682.0,69.65603034920736,138058.1,1.0
2016-04-27,251056.0,69.85275396724236,144613.6,-1.0
2016-04-28,245570.0,69.92187970843344,133046.0,-1.0
2016-04-29,230000.0,70.43052446965976,117299.0,1.0
2016-05-02,200679.0,71.00264103369062,97325.4,-1.0
2016-05-03,241896.0,71.25835483017495,112373.5,-1.0
2016-05-04,244126.0,70.45229203795896,123667.6,1.0
2016-05-05,232842.0,70.20013141958925,123202.0,1.0
2016-05-06,223703.0,70.45681550985012,116274.6,1.0
2016-05-09,212685.0,70.31739576084708,109091.8,1.0
2016-05-10,235729.0,71.02842832263786,108115.8,-1.0
2016-05-11,241460.0,69.72063281702974,134351.6,-1.0
2016-05-12,242701.0,69.62112072517512,138848.7,-1.0
2016-05-13,231693.0,70.41719430453229,113963.0,1.0
2016-05-16,203715.0,68.91640772648063,122205.0,-1.0
2016-05-17,240985.0,68.92794572276283,151578.0,-1.0
2016-05-18,247038.0,68.45347679304399,167665.1,-1.0
2016-05-19,252373.0,68.37664056054487,174219.8,1.0
2016-05-20,238128.0,68.7326899818585,154934.4,-1.0
2016-05-23,222899.0,69.79742843171123,125316.6,1.0
2016-05-24,245091.0,68.67612451043772,161174.3,1.0
2016-05-25,256437.0,70.06594602182993,140589.1,-1.0
2016-05-26,248739.0,69.24231825326949,157191.8,1.0
2016-05-27,230458.0,69.46100140156298,134575.6,1.0
2016-05-31,223371.0,70.84070895505684,110535.6,1.0
2016-06-01,239712.0,70.64937925510613,120835.4,1.0
2016-06-02,235499.0,70.04451823574622,120930.0,-1.0
2016-06-03,228432.0,69.36645038153378,122775.0,1.0
2016-06-06,210404.0,71.11008345848938,89491.8,1.0
2016-06-07,227381.0,70.43662151464508,102674.3,1.0
2016-06-08,239706.0,70.03412850355832,119017.4,-1.0
2016-06-09,238176.0,70.793005143277,115255.7,-1.0
2016-06-10,220368.0,71.46974152327017,97282.0,-1.0
2016-06-13,211119.0,74.73681300428902,17614.3,-1.0
2016-06-14,238647.0,73.80285278490136,47711.4,-1.0
2016-06-15,240023.0,72.4461530769968,81906.59999999999,1.0
2016-06-16,237518.0,72.05012672723751,80852.4,-1.0
2016-06-17,228797.0,72.35315557763148,77017.09999999999,1.0
2016-06-20,208710.0,72.45782185808059,82582.4,1.0
2016-06-21,232635.0,72.22053861198874,95422.7,-1.0
2016-06-22,236765.0,70.56582299717752,122995.0,1.0
2016-06-23,236706.0,70.37240289642003,121912.8,-1.0
2016-06-24,228329.0,68.0956733485453,161305.1,-1.0
2016-06-27,213933.0,68.55223364324344,141888.7,1.0
2016-06-28,230116.0,69.62517262525466,120728.3,1.0
2016-06-29,240310.0,70.9441679497316,114420.5,1.0
2016-06-30,240038.0,71.45134520367608,107008.6,1.0
2016-07-01,215455.0,72.1959026056606,75753.5,-1.0
2016-07-05,202459.0,71.37038793231189,91228.4,1.0
2016-07-06,219007.0,71.08298402783485,92565.2,1.0
2016-07-07,225717.0,70.89932083095204,97255.9,1.0
2016-07-08,225679.0,73.70467936467206,24753.5,1.0
2016-07-11,217999.0,73.40194221074408,56700.4,1.0
2016-07-12,242273.0,71.8317682944447,85923.5,1.0
2016-07-13,240667.0,70.11936222007562,119079.7,1.0
2016-07-14,234692.0,69.84522693572853,125337.0,-1.0
2016-07-15,229419.0,70.75051325304356,91936.4,1.0
2016-07-18,221139.0,73.89883555856917,43264.5,-1.0
2016-07-19,231381.0,73.00282218505409,48204.0,1.0
2016-07-20,239838.0,71.88082789216054,77277.59999999999,-1.0
2016-07-21,240875.0,71.86606746237675,88525.0,1.0
2016-07-22,221836.0,71.74501564426589,83146.4,-1.0
2016-07-25,208714.0,72.02305068179423,67461.3,1.0
2016-07-26,228672.0,71.18706269241534,87511.2,-1.0
2016-07-27,232779.0,70.92346483147139,82346.9,1.0
2016-07-28,233088.0,70.8046789195497,96057.6,1.0
2016-07-29,223925.0,71.49508540806073,77813.9,-1.0
2016-08-01,202147.0,73.10103538514052,53005.8,-1.0
2016-08-02,219593.0,72.02551027709038,79055.59999999999,1.0
2016-08-03,229464.0,71.2414234912666,101491.6,-1.0
2016-08-04,224373.0,71.66036466063207,88943.4,1.0
2016-08-05,207307.0,72.40197870790664,72178.2,-1.0
2016-08-08,193836.0,72.60469063575346,58303.2,1.0
2016-08-09,208717.0,72.08165123109282,72364.2,-1.0
2016-08-10,220018.0,71.99209610122809,73185.3,1.0
2016-08-11,221087.0,72.0753097197031,75005.9,-1.0
2016-08-12,211294.0,72.14187999308461,83132.9,1.0
2016-08-15,189957.0,73.06236148180903,50243.5,-1.0
2016-08-16,221511.0,73.00912821485163,61322.1,1.0
2016-08-17,224653.0,72.54889039018582,75092.9,1.0
2016-08-18,222264.0,71.41634272756721,101396.5,1.0
2016-08-19,207754.0,71.43564504173204,99081.2,1.0
2016-08-22,202168.0,71.5429444818171,82409.2,1.0
2016-08-23,232153.0,71.11235097426326,110482.3,-1.0
2016-08-24,247273.0,71.57483085359787,98165.5,1.0
2016-08-25,242134.0,70.3013290161646,124708.3,-1.0
2016-08-26,230663.0,71.10745980066157,110899.8,1.0
2016-08-29,204998.0,71.64508434228627,82125.7,-1.0
2016-08-30,233253.0,71.07559602663203,106328.7,-1.0
2016-08-31,242176.0,70.21153298234748,130899.4,-1.0
2016-09-01,238996.0,69.09759407749948,161520.7,1.0
2016-09-02,222539.0,69.64299740719605,127590.9,1.0
2016-09-06,227280.0,68.67095652939106,141200.7,1.0
2016-09-07,246245.0,68.73037293167155,159367.2,-1.0
2016-09-08,244493.0,68.50534986829835,160498.6,-1.0
2016-09-09,234480.0,69.49867792562266,134683.6,1.0
2016-09-12,205977.0,69.5586048904283,116935.5,-1.0
2016-09-13,226375.0,68.9469641082275,139574.4,-1.0
2016-09-14,232627.0,68.05727624050519,161207.4,1.0
2016-09-15,232005.0,68.74175987586474,155610.4,-1.0
2016-09-16,226202.0,69.99926197646894,135266.4,1.0
2016-09-19,229753.0,70.04784703572967,111872.6,-1.0
2016-09-20,248988.0,69.24776696065673,135636.1,1.0
2016-09-21,252784.0,69.5327607112477,135357.8,1.0
2016-09-22,251249.0,69.96811131586594,127922.4,-1.0
2016-09-23,241373.0,70.09211469385556,127613.0,-1.0
2016-09-26,220191.0,69.5708485621787,122591.8,1.0
2016-09-27,238879.0,69.66207159273105,128281.0,1.0
2016-09-28,256382.0,69.31250243776864,142896.4,-1.0
2016-09-29,251143.0,69.6846059814528,127400.2,1.0
2016-09-30,243606.0,69.95078130901972,125742.9,-1.0
2016-10-03,212895.0,70.81958242326029,104863.7,-1.0
2016-10-04,235377.0,69.58117225205629,135657.2,1.0
2016-10-05,251209.0,70.18203450336944,138973.3,1.0
2016-10-06,246674.0,69.77823362008156,127711.0,-1.0
2016-10-07,234366.0,69.46486691755631,133592.4,1.0
2016-10-10,212526.0,69.95772048959716,99211.5,-1.0
2016-10-11,230667.0,70.21026848227098,118778.3,1.0
2016-10-12,234297.0,70.55565372155853,113123.1,-1.0
2016-10-13,243843.0,69.85154321240803,134652.3,-1.0
2016-10-14,239558.0,68.69394468145501,159065.6,-1.0
2016-10-17,223440.0,71.30501700680271,93029.1,1.0
2016-10-18,244088.0,70.13822064173577,135215.5,1.0
2016-10-19,244767.0,69.80182786078188,139580.3,-1.0
2016-10-20,252373.0,69.04154170605173,140966.4,-1.0
2016-10-21,229809.0,69.79931595368328,128644.7,1.0
2016-10-24,210164.0,69.23907499048345,125353.0,-1.0
2016-10-25,236741.0,70.06884926086994,112602.2,-1.0
2016-10-26,244608.0,70.00919021454736,131280.4,-1.0
2016-10-27,242877.0,69.83537346064057,135895.4,1.0
2016-10-28,230272.0,70.25566286826015,114057.4,1.0
2016-10-31,207392.0,70.3501677981793,106232.5,-1.0
2016-11-01,226375.0,69.72836506604231,116948.2,-1.0
2016-11-02,239923.0,70.20365283861906,118909.7,-1.0
2016-11-03,238073.0,69.8880503930474,122869.2,1.0
2016-11-04,231618.0,70.6337201771883,106605.1,1.0
2016-11-07,218760.0,69.8635125251417,111267.0,1.0
2016-11-08,232926.0,68.41783448279338,117863.6,1.0
2016-11-09,260258.0,65.9626447601995,200971.2,1.0
2016-11-10,247919.0,67.20490563450159,165377.3,1.0
2016-11-11,221910.0,67.95911405524762,143004.7,1.0
2016-11-14,207213.0,68.52971835607977,124595.4,1.0
2016-11-15,242240.0,68.54526314920389,153991.1,-1.0
2016-11-16,243958.0,68.61776207379958,154299.3,1.0
2016-11-17,239981.0,68.26702947316663,160467.4,-1.0
2016-11-18,230934.0,67.62953430677936,156189.9,1.0
2016-11-21,208142.0,69.45571292675193,117282.1,1.0
2016-11-22,226803.0,69.11241914789487,140103.1,1.0
