feature,coefficient,value,contribution,date,pc1_probability
total_events,-0.2501932096314304,35000.0,0.6041877772805315,2026-01-26,0.5871246371297487
total_mentions,0.2655772292768726,12000.0,-0.4783453499617643,2026-01-26,0.5871246371297487
mean_tone,0.1377822128946823,71.0,0.0486329896677956,2026-01-26,0.5871246371297487
total_events,-0.2501932096314304,35000.0,0.6041877772805315,2026-01-30,0.5871246371297487
total_mentions,0.2655772292768726,12000.0,-0.4783453499617643,2026-01-30,0.5871246371297487
mean_tone,0.1377822128946823,71.0,0.0486329896677956,2026-01-30,0.5871246371297487
total_events,-0.2501932096314304,35000.0,0.6041877772805315,2026-02-02,0.5871246371297487
total_mentions,0.2655772292768726,12000.0,-0.4783453499617643,2026-02-02,0.5871246371297487
mean_tone,0.1377822128946823,71.0,0.0486329896677956,2026-02-02,0.5871246371297487
total_events,-0.2501932096314304,35000.0,0.6041877772805315,2026-02-03,0.5871246371297487
total_mentions,0.2655772292768726,12000.0,-0.4783453499617643,2026-02-03,0.5871246371297487
mean_tone,0.1377822128946823,71.0,0.0486329896677956,2026-02-03,0.5871246371297487
total_events,-0.2501932096314304,35000.0,0.6041877772805315,2026-02-04,0.5871246371297487
total_mentions,0.2655772292768726,12000.0,-0.4783453499617643,2026-02-04,0.5871246371297487
mean_tone,0.1377822128946823,71.0,0.0486329896677956,2026-02-04,0.5871246371297487
total_events,-0.2501932096314304,35000.0,0.6041877772805315,2026-02-05,0.5871246371297487
total_mentions,0.2655772292768726,12000.0,-0.4783453499617643,2026-02-05,0.5871246371297487
mean_tone,0.1377822128946823,71.0,0.0486329896677956,2026-02-05,0.5871246371297487
total_events,-0.2501932096314304,35000.0,0.6041877772805315,2026-02-06,0.5871246371297487
total_mentions,0.2655772292768726,12000.0,-0.4783453499617643,2026-02-06,0.5871246371297487
mean_tone,0.1377822128946823,71.0,0.0486329896677956,2026-02-06,0.5871246371297487
total_events,-0.2501932096314304,35000.0,0.6041877772805315,2026-02-07,0.5871246371297487
total_mentions,0.2655772292768726,12000.0,-0.4783453499617643,2026-02-07,0.5871246371297487
mean_tone,0.1377822128946823,71.0,0.0486329896677956,2026-02-07,0.5871246371297487
mean_tone,0.0821503825754377,72.1845,0.0760210491210403,2026-02-08,0.6047808605913857
total_mentions,-0.0757564051342696,63180.0,0.0384685463570129,2026-02-08,0.6047808605913857
total_events,-0.0374252067738791,126360.0,0.0261791999377129,2026-02-08,0.6047808605913857
mean_tone,0.0821503825754377,72.046,0.0703469082919329,2026-02-09,0.6028987899875176
total_mentions,-0.0757564051342696,63840.0,0.0372094410431699,2026-02-09,0.6028987899875176
total_events,-0.0374252067738791,127680.0,0.0252448151932607,2026-02-09,0.6028987899875176
mean_tone,0.0821503825754377,72.6814,0.0963783096118963,2026-02-10,0.6179240037583914
total_mentions,-0.0757564051342696,52659.99999999999,0.0585379219655408,2026-02-10,0.6179240037583914
total_events,-0.0374252067738791,105320.0,0.041072726470497,2026-02-10,0.6179240037583914
mean_tone,0.0821503825754377,72.3852,0.084243432257516,2026-02-11,0.6164782124596349
total_mentions,-0.0757564051342696,50849.99999999999,0.0619909229019891,2026-02-11,0.6164782124596349
total_events,-0.0374252067738791,101700.0,0.0436352058454341,2026-02-11,0.6164782124596349
mean_tone,0.0821503825754377,71.7988,0.060219488703807,2026-02-12,0.5890416008022717
total_mentions,-0.0757564051342696,78110.0,0.0099860579696249,2026-02-12,0.5890416008022717
total_events,-0.0374252067738791,156220.0,0.0050422844306344,2026-02-12,0.5890416008022717
total_mentions,-0.0757564051342696,45290.0,0.0725979313034544,2026-02-13,0.6151449041242805
mean_tone,0.0821503825754377,71.7966,0.0601293579469546,2026-02-13,0.6151449041242805
total_events,-0.0374252067738791,90580.0,0.0515066894502135,2026-02-13,0.6151449041242805
total_mentions,-0.0757564051342696,75000.0,0.015919114827279,2026-02-16,0.5736225528834397
mean_tone,0.0821503825754377,70.0,-0.0134746955806608,2026-02-16,0.5736225528834397
total_events,-0.0374252067738791,150000.0,0.0094452186052502,2026-02-16,0.5736225528834397
mean_tone,0.0821503825754377,73.0179,0.1101642185577066,2026-02-17,0.6172003314772925
total_mentions,-0.0757564051342696,57730.0,0.0488657038728377,2026-02-17,0.6172003314772925
total_events,-0.0374252067738791,115460.0,0.0338949527517503,2026-02-17,0.6172003314772925
total_mentions,-0.0757564051342696,0.0,0.1589992641276208,2026-02-18,0.6520004152203086
total_events,-0.0374252067738791,0.0,0.1156253032020947,2026-02-18,0.6520004152203086
mean_tone,0.0821503825754377,72.0,0.0684623561032038,2026-02-18,0.6520004152203086
mean_tone,0.0821503825754377,72.3942,0.0846121489900934,2026-02-19,0.6065866169675582
total_mentions,-0.0757564051342696,63490.0,0.0378771484065715,2026-02-19,0.6065866169675582
total_events,-0.0374252067738791,126980.0,0.0257403222547126,2026-02-19,0.6065866169675582
total_mentions,-0.0757564051342696,45080.0,0.0729985557214954,2026-02-20,0.6178641166412038
mean_tone,0.0821503825754377,72.0603,0.0709327582114722,2026-02-20,0.6178641166412038
total_events,-0.0374252067738791,90160.0,0.0518039936870847,2026-02-20,0.6178641166412038
mean_tone,0.0821503825754377,72.0212,0.0693308888510524,2026-02-23,0.5934202710259364
total_mentions,-0.0757564051342696,75400.0,0.0151560206976772,2026-02-23,0.5934202710259364
total_events,-0.0374252067738791,150800.0,0.0088789248207337,2026-02-23,0.5934202710259364
total_mentions,-0.0757564051342696,75000.0,0.015919114827279,2026-02-24,0.5736225528834397
mean_tone,0.0821503825754377,70.0,-0.0134746955806608,2026-02-24,0.5736225528834397
total_events,-0.0374252067738791,150000.0,0.0094452186052502,2026-02-24,0.5736225528834397
mean_tone,0.0821503825754377,72.271,0.0795648266063674,2026-02-25,0.602798198177423
total_mentions,-0.0757564051342696,66740.0,0.0316770086035567,2026-02-25,0.602798198177423
total_events,-0.0374252067738791,133480.0,0.021139185255516,2026-02-25,0.602798198177423
mean_tone,0.0821503825754377,72.5925,0.0927362076645487,2026-02-26,0.6182175195533198
total_mentions,-0.0757564051342696,51190.0,0.0613422928918275,2026-02-26,0.6182175195533198
total_events,-0.0374252067738791,102380.0,0.0431538561285951,2026-02-26,0.6182175195533198
mean_tone,0.0821503825754377,72.4491,0.0868613210588156,2026-02-27,0.6028184456177299
total_mentions,-0.0757564051342696,68910.0,0.0275372229504668,2026-02-27,0.6028184456177299
total_events,-0.0374252067738791,137820.0,0.018067041474514,2026-02-27,0.6028184456177299
mean_tone,0.0821503825754377,70.5113,0.0074725116823193,2026-03-02,0.5701259528397111
total_events,-0.0374252067738791,171200.0,-0.005561566684437,2026-03-02,0.5701259528397111
total_mentions,-0.0757564051342696,85600.0,-0.0043028796071692,2026-03-02,0.5701259528397111
total_mentions,-0.0757564051342696,70020.0,0.0254196367408217,2026-03-03,0.5763276447839352
mean_tone,0.0821503825754377,69.8662,-0.0189562843383111,2026-03-03,0.5763276447839352
total_events,-0.0374252067738791,140040.0,0.0164955762224807,2026-03-03,0.5763276447839352
total_mentions,-0.0757564051342696,75000.0,0.015919114827279,2026-03-04,0.5736225528834397
mean_tone,0.0821503825754377,70.0,-0.0134746955806608,2026-03-04,0.5736225528834397
total_events,-0.0374252067738791,150000.0,0.0094452186052502,2026-03-04,0.5736225528834397
total_mentions,-0.0757564051342696,75000.0,0.015919114827279,2026-03-05,0.5736225528834397
mean_tone,0.0821503825754377,70.0,-0.0134746955806608,2026-03-05,0.5736225528834397
total_events,-0.0374252067738791,150000.0,0.0094452186052502,2026-03-05,0.5736225528834397
total_mentions,-0.0757564051342696,61500.0,0.0416735417013405,2026-03-06,0.5911785250418754
total_events,-0.0374252067738791,123000.0,0.0285576338326822,2026-03-06,0.5911785250418754
mean_tone,0.0821503825754377,70.667,0.013851311155908,2026-03-06,0.5911785250418754
total_mentions,-0.0757564051342696,75000.0,0.015919114827279,2026-03-09,0.5736225528834397
mean_tone,0.0821503825754377,70.0,-0.0134746955806608,2026-03-09,0.5736225528834397
total_events,-0.0374252067738791,150000.0,0.0094452186052502,2026-03-09,0.5736225528834397
total_mentions,-0.0757564051342696,78350.0,0.0095282014918638,2026-03-10,0.5721513563131215
mean_tone,0.0821503825754377,70.125,-0.0083536298504193,2026-03-10,0.5721513563131215
total_events,-0.0374252067738791,156700.0,0.0047025081599245,2026-03-10,0.5721513563131215
total_mentions,-0.0757564051342696,66320.0,0.0324782574396386,2026-03-11,0.5909189752327859
mean_tone,0.0821503825754377,71.0318,0.028796629383045,2026-03-11,0.5909189752327859
total_events,-0.0374252067738791,132640.0,0.0217337937292584,2026-03-11,0.5909189752327859
total_mentions,-0.0757564051342696,93890.0,-0.0201180054431669,2026-03-12,0.559485286199352
total_events,-0.0374252067738791,187780.0,-0.0172980053685416,2026-03-12,0.559485286199352
mean_tone,0.0821503825754377,70.1271,-0.0082675959461513,2026-03-12,0.559485286199352
total_mentions,-0.0757564051342696,75000.0,0.015919114827279,2026-03-13,0.5736225528834397
mean_tone,0.0821503825754377,70.0,-0.0134746955806608,2026-03-13,0.5736225528834397
total_events,-0.0374252067738791,150000.0,0.0094452186052502,2026-03-13,0.5736225528834397
total_mentions,-0.0757564051342696,63330.0,0.0381823860584122,2026-03-16,0.5835284613119315
total_events,-0.0374252067738791,126660.0,0.0259668397685192,2026-03-16,0.5835284613119315
mean_tone,0.0821503825754377,70.045,-0.0116311119177738,2026-03-16,0.5835284613119315
total_mentions,-0.0757564051342696,57630.0,0.0490564774052382,2026-03-17,0.5903063504714131
total_events,-0.0374252067738791,115260.0,0.0340365261978794,2026-03-17,0.5903063504714131
mean_tone,0.0821503825754377,70.265,-0.0026180362325487,2026-03-17,0.5903063504714131
total_mentions,-0.0757564051342696,54550.0,0.0549323022031722,2026-03-18,0.6013620694195375
total_events,-0.0374252067738791,109100.0,0.0383969883386565,2026-03-18,0.6013620694195375
mean_tone,0.0821503825754377,71.1358,0.033057356070606,2026-03-18,0.6013620694195375
total_mentions,-0.0757564051342696,75000.0,0.015919114827279,2026-03-19,0.5736225528834397
mean_tone,0.0821503825754377,70.0,-0.0134746955806608,2026-03-19,0.5736225528834397
total_events,-0.0374252067738791,150000.0,0.0094452186052502,2026-03-19,0.5736225528834397
total_mentions,-0.0757564051342696,75000.0,0.015919114827279,2026-03-20,0.5736225528834397
mean_tone,0.0821503825754377,70.0,-0.0134746955806608,2026-03-20,0.5736225528834397
total_events,-0.0374252067738791,150000.0,0.0094452186052502,2026-03-20,0.5736225528834397
total_mentions,-0.0757564051342696,75000.0,0.015919114827279,2026-03-23,0.5736225528834397
mean_tone,0.0821503825754377,70.0,-0.0134746955806608,2026-03-23,0.5736225528834397
total_events,-0.0374252067738791,150000.0,0.0094452186052502,2026-03-23,0.5736225528834397
total_mentions,-0.0757564051342696,59670.0,0.0451646973442689,2026-03-24,0.5969999518492629
mean_tone,0.0821503825754377,71.1078,0.0319102373470316,2026-03-24,0.5969999518492629
total_events,-0.0374252067738791,119340.0,0.0311484278968452,2026-03-24,0.5969999518492629
total_mentions,-0.0757564051342696,75000.0,0.015919114827279,2026-03-25,0.5736225528834397
mean_tone,0.0821503825754377,70.0,-0.0134746955806608,2026-03-25,0.5736225528834397
total_events,-0.0374252067738791,150000.0,0.0094452186052502,2026-03-25,0.5736225528834397
total_mentions,-0.0757564051342696,75000.0,0.015919114827279,2026-03-26,0.5736225528834397
mean_tone,0.0821503825754377,70.0,-0.0134746955806608,2026-03-26,0.5736225528834397
total_events,-0.0374252067738791,150000.0,0.0094452186052502,2026-03-26,0.5736225528834397
mean_tone,0.0821503825754377,69.9648,-0.014916787690297,2026-03-27,0.5696479868047805
total_mentions,-0.0757564051342696,79450.0,0.0074296926354587,2026-03-27,0.5696479868047805
total_events,-0.0374252067738791,158900.0,0.0031452002525041,2026-03-27,0.5696479868047805
mean_tone,0.0821503825754377,69.9255,-0.0165268507558848,2026-03-30,0.5670434185995387
total_mentions,-0.0757564051342696,82160.0,0.0022597299074064,2026-03-30,0.5670434185995387
total_events,-0.0374252067738791,164320.0,-0.0006914401375951,2026-03-30,0.5670434185995387
total_mentions,-0.0757564051342696,50830.0,0.0620290776084692,2026-03-31,0.6004825069723465
total_events,-0.0374252067738791,101660.0,0.04366352053466,2026-03-31,0.6004825069723465
mean_tone,0.0821503825754377,70.7445,0.0170263719086578,2026-03-31,0.6004825069723465
total_mentions,-0.0757564051342696,58930.00000000001,0.0465764214840322,2026-04-01,0.5971214850009916
total_events,-0.0374252067738791,117860.0,0.0321960713982008,2026-04-01,0.5971214850009916
mean_tone,0.0821503825754377,71.0601,0.0299560386643718,2026-04-01,0.5971214850009916
total_mentions,-0.0757564051342696,40780.0,0.081201817614715,2026-04-02,0.6104640120873693
total_events,-0.0374252067738791,81560.0,0.0578916518706371,2026-04-02,0.6104640120873693
mean_tone,0.0821503825754377,70.9492,0.0254126291485014,2026-04-02,0.6104640120873693
total_mentions,-0.0757564051342696,75000.0,0.015919114827279,2026-04-03,0.5736225528834397
mean_tone,0.0821503825754377,70.0,-0.0134746955806608,2026-04-03,0.5736225528834397
total_events,-0.0374252067738791,150000.0,0.0094452186052502,2026-04-03,0.5736225528834397
mean_tone,0.0821503825754377,70.2228,-0.004346908023078,2026-04-06,0.5705931423138759
total_mentions,-0.0757564051342696,81470.0,0.0035760672809695,2026-04-06,0.5705931423138759
total_events,-0.0374252067738791,162940.0,0.0002854166406958,2026-04-06,0.5705931423138759
total_mentions,-0.0757564051342696,55120.0,0.0538448930684896,2026-04-07,0.59582455698339
total_events,-0.0374252067738791,110240.0,0.0375900196957205,2026-04-07,0.59582455698339
mean_tone,0.0821503825754377,70.6195,0.0119053061784162,2026-04-07,0.59582455698339
total_mentions,-0.0757564051342696,75000.0,0.015919114827279,2026-04-08,0.5736225528834397
mean_tone,0.0821503825754377,70.0,-0.0134746955806608,2026-04-08,0.5736225528834397
total_events,-0.0374252067738791,150000.0,0.0094452186052502,2026-04-08,0.5736225528834397
total_mentions,-0.0757564051342696,75000.0,0.015919114827279,2026-04-09,0.5736225528834397
mean_tone,0.0821503825754377,70.0,-0.0134746955806608,2026-04-09,0.5736225528834397
total_events,-0.0374252067738791,150000.0,0.0094452186052502,2026-04-09,0.5736225528834397
total_mentions,-0.0757564051342696,55670.0,0.0527956386402871,2026-04-10,0.6003180359879536
total_events,-0.0374252067738791,111340.0,0.0368113657420103,2026-04-10,0.6003180359879536
mean_tone,0.0821503825754377,71.1204,0.0324264407726402,2026-04-10,0.6003180359879536
total_mentions,-0.0757564051342696,75000.0,0.015919114827279,2026-04-13,0.5736225528834397
mean_tone,0.0821503825754377,70.0,-0.0134746955806608,2026-04-13,0.5736225528834397
total_events,-0.0374252067738791,150000.0,0.0094452186052502,2026-04-13,0.5736225528834397
total_mentions,-0.0757564051342696,75000.0,0.015919114827279,2026-04-14,0.5736225528834397
mean_tone,0.0821503825754377,70.0,-0.0134746955806608,2026-04-14,0.5736225528834397
total_events,-0.0374252067738791,150000.0,0.0094452186052502,2026-04-14,0.5736225528834397
total_mentions,-0.0757564051342696,75000.0,0.015919114827279,2026-04-15,0.5736225528834397
mean_tone,0.0821503825754377,70.0,-0.0134746955806608,2026-04-15,0.5736225528834397
total_events,-0.0374252067738791,150000.0,0.0094452186052502,2026-04-15,0.5736225528834397
total_mentions,-0.0757564051342696,70230.0,0.0250190123227808,2026-04-16,0.5802158171207934
total_events,-0.0374252067738791,140460.0,0.0161982719856095,2026-04-16,0.5802158171207934
mean_tone,0.0821503825754377,70.2724,-0.0023148691413183,2026-04-16,0.5802158171207934
total_mentions,-0.0757564051342696,61810.0,0.0410821437508991,2026-04-17,0.5926693681416225
total_events,-0.0374252067738791,123620.0,0.0281187561496819,2026-04-17,0.5926693681416225
mean_tone,0.0821503825754377,70.8428,0.0210535779989195,2026-04-17,0.5926693681416225
mean_tone,0.0821503825754377,71.1718,0.0345322230009156,2026-04-20,0.5862075436394767
total_mentions,-0.0757564051342696,73900.0,0.018017623683684,2026-04-20,0.5862075436394767
total_events,-0.0374252067738791,147800.0,0.0110025265126706,2026-04-20,0.5862075436394767
mean_tone,0.08215038257543773,72.1449,0.07439869549770006,2026-04-21,0.5863167244304601
total_events,-0.03742520677387915,171520.0,-0.005788084198243666,2026-04-21,0.5863167244304601
total_mentions,-0.07575640513426968,85760.0,-0.0046081172590099525,2026-04-21,0.5863167244304601
